Timestamp (Local),Tag ID,Tag Name,Range_A0 (cm),Range_A1 (cm),Range_A2 (cm),Range_A3 (cm),Computed_X (cm),Computed_Y (cm),Computed_Z (cm)
02:00:34,0,Left Wrist,0,181,181,168,86.39,69.31,122.68
02:00:34,1,Right Wrist,0,155,164,157,93.68,75.86,83.47
02:00:34,2,Left Knee,0,137,226,156,59.35,43.95,9.76
02:00:34,3,Right Knee,0,98,184,186,111.45,50.71,14.21
02:00:35,4,Head,0,168,211,183,71.00,36.01,101.43
02:00:35,5,Belly Button,0,153,184,178,93.35,52.40,96.39
02:00:35,0,Left Wrist,3,178,180,165,29.09,43.92,15.14
02:00:35,1,Right Wrist,4,155,164,157,58.74,60.20,21.02
02:00:35,2,Left Knee,1,137,226,156,47.16,42.93,13.40
02:00:35,3,Right Knee,2,98,183,186,103.37,49.26,16.44
02:00:35,5,Belly Button,3,154,183,178,50.57,37.09,13.24
02:00:36,0,Left Wrist,10,179,180,162,29.06,46.76,16.10
02:00:36,1,Right Wrist,11,161,163,158,50.66,56.28,19.59
02:00:36,2,Left Knee,4,137,225,157,48.06,43.35,13.55
02:00:36,3,Right Knee,8,99,183,185,102.51,49.78,16.60
02:00:36,4,Head,5,176,221,187,25.52,22.97,8.09
02:00:36,5,Belly Button,9,152,179,178,52.81,37.78,13.53
02:00:37,0,Left Wrist,18,186,182,159,23.01,48.57,16.65
02:00:37,1,Right Wrist,23,158,157,158,54.37,57.58,20.09
02:00:37,2,Left Knee,7,135,225,158,48.37,43.08,13.46
02:00:37,3,Right Knee,16,98,183,185,102.62,49.77,16.57
02:00:37,4,Head,15,180,223,188,21.58,21.51,7.57
02:00:37,5,Belly Button,19,151,177,179,53.63,37.11,13.33
02:00:37,0,Left Wrist,28,188,184,152,23.48,55.33,18.95
02:00:37,1,Right Wrist,36,156,152,161,55.29,54.99,19.26
02:00:37,2,Left Knee,11,135,225,159,48.59,42.87,13.40
02:00:37,3,Right Knee,25,98,182,184,102.64,50.80,16.91
02:00:37,4,Head,28,182,223,189,21.26,21.85,8.40
02:00:37,5,Belly Button,29,151,175,180,53.34,36.10,13.00
02:00:38,0,Left Wrist,37,195,185,160,14.30,46.74,16.06
02:00:38,1,Right Wrist,48,155,149,163,55.57,53.16,18.68
02:00:38,2,Left Knee,16,134,225,160,48.88,42.60,13.32
02:00:38,3,Right Knee,34,98,181,185,104.15,50.81,16.96
02:00:38,4,Head,44,185,225,191,23.67,17.52,34.14
02:00:39,0,Left Wrist,45,193,186,163,16.26,44.98,16.07
02:00:39,1,Right Wrist,60,154,146,165,56.05,51.50,18.23
02:00:39,2,Left Knee,19,134,225,159,48.65,42.84,13.39
02:00:39,3,Right Knee,42,97,181,186,105.02,50.30,16.80
02:00:39,4,Head,59,187,224,191,26.12,16.20,51.97
02:00:39,5,Belly Button,41,152,176,181,52.03,34.81,12.58
02:00:39,0,Left Wrist,53,191,188,166,21.10,42.91,26.52
02:00:39,1,Right Wrist,71,152,143,167,58.56,50.92,18.54
02:00:39,2,Left Knee,23,0,225,160,32.57,48.60,16.37
02:00:39,3,Right Knee,50,98,182,187,104.87,49.28,16.50
02:00:39,4,Head,74,188,227,193,30.52,14.85,67.68
02:00:39,5,Belly Button,51,155,175,181,49.29,34.26,12.56
02:00:40,0,Left Wrist,60,0,187,168,54.49,48.06,17.08
02:00:40,1,Right Wrist,81,149,141,169,64.25,52.17,21.53
02:00:40,2,Left Knee,28,133,225,159,48.71,42.81,13.38
02:00:40,3,Right Knee,57,98,185,188,103.34,47.22,15.78
02:00:40,4,Head,87,189,230,193,35.10,16.43,80.13
02:00:40,5,Belly Button,61,153,175,182,53.15,35.38,14.35
02:00:40,0,Left Wrist,66,191,188,170,25.58,36.79,50.73
02:00:40,1,Right Wrist,91,146,139,169,71.44,55.62,28.12
02:00:41,2,Left Knee,31,0,224,162,34.11,47.21,16.00
02:00:41,3,Right Knee,64,99,185,188,103.20,47.23,15.80
02:00:41,4,Head,101,190,227,193,41.20,19.50,92.80
02:00:41,5,Belly Button,70,154,176,182,56.45,36.13,27.00
02:00:41,0,Left Wrist,72,189,188,170,29.65,37.34,56.41
02:00:41,1,Right Wrist,98,145,138,171,76.13,55.42,38.35
02:00:41,2,Left Knee,33,133,223,161,50.83,43.36,13.59
02:00:41,3,Right Knee,68,100,186,189,102.96,46.20,15.51
02:00:41,4,Head,112,190,226,194,47.16,21.64,102.21
02:00:41,5,Belly Button,77,153,176,182,60.15,36.32,36.79
02:00:42,0,Left Wrist,77,188,190,169,32.61,38.91,60.54
02:00:42,1,Right Wrist,106,145,136,172,80.93,56.79,48.39
02:00:42,2,Left Knee,36,135,223,161,50.74,43.43,13.61
02:00:42,3,Right Knee,72,100,186,189,102.97,46.21,15.51
02:00:42,4,Head,123,191,228,193,51.44,24.69,111.55
02:00:42,5,Belly Button,84,152,177,182,64.02,37.19,44.76
02:00:42,0,Left Wrist,81,189,191,169,33.49,39.16,65.22
02:00:42,1,Right Wrist,113,146,135,172,84.82,59.45,55.77
02:00:42,2,Left Knee,36,133,222,161,51.65,43.87,13.76
02:00:42,3,Right Knee,75,100,186,189,102.98,46.21,15.51
02:00:42,4,Head,131,189,229,193,55.92,25.52,117.04
02:00:42,5,Belly Button,89,151,177,182,67.13,38.32,49.34
02:00:43,0,Left Wrist,84,189,190,168,34.91,40.57,67.60
02:00:43,1,Right Wrist,119,146,134,173,89.08,61.89,60.76
02:00:43,2,Left Knee,38,133,222,161,51.67,43.87,13.76
02:00:43,3,Right Knee,78,101,187,188,101.39,46.22,15.46
02:00:43,4,Head,137,191,228,191,56.98,28.79,121.95
02:00:43,5,Belly Button,94,151,176,181,69.69,40.41,53.87
02:00:44,0,Left Wrist,87,188,190,168,37.21,41.28,69.94
02:00:44,1,Right Wrist,124,145,133,174,93.70,65.10,62.82
02:00:44,2,Left Knee,39,130,223,162,51.31,42.97,13.46
02:00:44,3,Right Knee,83,100,186,187,101.66,47.26,15.76
02:00:44,4,Head,143,190,228,191,60.08,29.71,125.85
02:00:44,5,Belly Button,98,152,175,179,71.16,43.15,57.42
02:00:44,0,Left Wrist,90,189,190,168,37.83,41.66,73.32
02:00:44,1,Right Wrist,128,146,132,175,96.53,67.38,66.47
02:00:44,2,Left Knee,40,129,224,162,50.53,42.45,13.28
02:00:44,3,Right Knee,85,100,186,187,101.68,47.26,15.77
02:00:44,4,Head,148,190,228,191,62.22,30.74,129.38
02:00:44,5,Belly Button,100,151,176,178,72.97,45.09,57.42
02:00:45,0,Left Wrist,91,189,189,167,38.38,42.84,73.68
02:00:45,1,Right Wrist,131,146,131,176,99.73,70.35,67.71
02:00:45,2,Left Knee,41,129,224,163,50.87,42.14,13.19
02:00:45,3,Right Knee,86,100,187,187,100.93,46.75,15.57
02:00:45,4,Head,152,190,229,191,63.58,31.19,132.23
02:00:45,5,Belly Button,103,153,175,177,73.29,46.34,61.60
02:00:46,0,Left Wrist,93,190,190,168,38.49,42.13,76.60
02:00:46,1,Right Wrist,132,146,129,176,101.36,72.58,67.38
02:00:46,2,Left Knee,42,128,224,162,50.58,42.43,13.27
02:00:46,3,Right Knee,88,99,187,187,101.10,46.75,15.55
02:00:46,4,Head,156,191,229,192,65.17,31.71,135.59
02:00:46,5,Belly Button,106,154,174,177,74.35,47.04,65.21
02:00:46,0,Left Wrist,93,190,190,168,38.49,42.13,76.60
02:00:46,1,Right Wrist,134,145,129,178,123.19,88.32,75.91
02:00:46,2,Left Knee,42,128,224,163,50.91,42.12,13.18
02:00:46,3,Right Knee,88,98,186,187,101.99,47.26,15.72
02:00:46,4,Head,159,191,227,192,67.39,33.36,137.43
02:00:46,5,Belly Button,108,154,175,177,75.53,47.72,66.90
02:00:47,0,Left Wrist,94,195,198,167,34.52,42.36,79.54
02:00:47,1,Right Wrist,142,143,128,183,127.95,87.29,78.76
02:00:47,2,Left Knee,43,128,224,163,50.92,42.12,13.18
02:00:47,3,Right Knee,89,98,186,188,102.75,46.75,15.58
02:00:47,4,Head,161,192,224,192,68.99,35.50,138.93
02:00:47,5,Belly Button,110,153,174,176,77.49,49.86,66.73
02:00:48,0,Left Wrist,101,200,206,167,33.62,43.26,88.01
02:00:48,1,Right Wrist,154,139,129,189,131.88,84.09,79.63
02:00:48,2,Left Knee,45,127,224,163,50.98,42.10,13.17
02:00:48,3,Right Knee,91,99,186,0,107.26,42.00,14.70
02:00:48,4,Head,162,193,223,193,69.70,35.84,140.13
02:00:48,5,Belly Button,111,153,173,175,78.14,51.30,66.73
02:00:48,0,Left Wrist,104,204,214,167,31.24,43.34,92.33
02:00:48,1,Right Wrist,161,136,130,194,135.59,81.32,81.19
02:00:48,2,Left Knee,45,127,224,163,50.98,42.10,13.17
02:00:48,3,Right Knee,93,99,186,188,102.68,46.79,15.61
02:00:48,4,Head,163,194,221,193,70.49,37.34,141.05
02:00:48,5,Belly Button,111,153,172,175,78.17,51.38,66.67
02:00:49,0,Left Wrist,105,210,218,168,26.05,41.96,95.65
02:00:49,1,Right Wrist,167,134,130,199,140.39,79.56,83.81
02:00:49,2,Left Knee,45,126,224,163,51.00,42.09,13.16
02:00:49,3,Right Knee,94,99,186,189,103.41,46.29,15.48
02:00:49,4,Head,165,196,218,193,71.68,39.89,142.96
02:00:49,5,Belly Button,111,153,172,176,78.16,50.39,67.41
02:00:49,0,Left Wrist,106,219,220,169,17.95,40.52,99.17
02:00:49,1,Right Wrist,173,131,131,201,143.88,77.36,84.34
02:00:49,2,Left Knee,46,126,225,164,50.54,41.27,12.90
02:00:49,3,Right Knee,93,98,185,189,104.29,46.79,15.65
02:00:49,4,Head,167,196,218,194,73.01,39.80,144.43
02:00:50,5,Belly Button,111,154,172,176,77.46,50.05,68.44
02:00:50,0,Left Wrist,106,224,224,169,12.82,40.12,100.07
02:00:50,1,Right Wrist,179,129,131,204,148.64,76.06,86.07
02:00:50,2,Left Knee,46,126,226,164,49.70,40.79,12.73
02:00:50,3,Right Knee,94,99,185,189,104.13,46.81,15.68
02:00:50,4,Head,170,196,216,194,75.34,41.62,146.08
02:00:50,5,Belly Button,112,154,172,176,78.08,50.45,69.22
02:00:51,0,Left Wrist,106,224,225,170,12.72,39.19,100.44
02:00:51,1,Right Wrist,181,127,132,208,151.58,73.95,86.89
02:00:51,2,Left Knee,47,126,226,165,50.09,40.46,12.62
02:00:51,3,Right Knee,94,98,185,189,104.31,46.80,15.65
02:00:51,4,Head,170,195,216,194,75.89,41.33,145.62
02:00:51,5,Belly Button,110,155,173,176,76.10,49.25,68.72
02:00:51,0,Left Wrist,107,224,228,171,13.09,38.50,101.74
02:00:51,1,Right Wrist,184,125,131,211,155.45,73.73,86.51
02:00:51,2,Left Knee,47,127,227,163,48.56,40.63,12.65
02:00:51,3,Right Knee,94,97,185,189,104.47,46.79,15.63
02:00:51,4,Head,171,195,217,193,75.45,41.72,146.13
02:00:51,5,Belly Button,111,155,174,176,76.69,49.58,69.56
02:00:52,0,Left Wrist,106,229,230,170,7.42,38.88,101.03
02:00:52,1,Right Wrist,186,125,131,215,158.23,72.99,88.45
02:00:52,2,Left Knee,47,127,226,163,49.37,41.13,12.82
02:00:52,3,Right Knee,94,97,187,189,102.96,45.76,15.23
02:00:52,4,Head,171,197,220,192,72.48,41.42,147.15
02:00:52,5,Belly Button,112,153,173,175,78.76,51.69,67.53
02:00:53,0,Left Wrist,106,230,232,171,6.25,37.90,101.46
02:00:53,1,Right Wrist,185,129,133,211,153.99,72.87,91.86
02:00:53,2,Left Knee,47,130,228,163,47.69,40.18,12.49
02:00:53,3,Right Knee,95,100,188,189,101.80,45.29,15.11
02:00:53,4,Head,171,199,219,192,71.81,42.48,147.94
02:00:53,5,Belly Button,111,156,177,174,75.88,50.95,69.36
02:00:53,0,Left Wrist,108,230,232,171,7.41,38.44,103.38
02:00:53,1,Right Wrist,182,129,135,211,151.57,71.29,91.71
02:00:53,2,Left Knee,47,129,229,163,46.93,39.66,12.31
02:00:53,3,Right Knee,94,102,187,189,102.01,45.80,15.39
02:00:53,4,Head,174,199,217,190,73.28,45.58,149.12
02:00:53,5,Belly Button,111,157,179,173,75.06,51.38,69.82
02:00:54,0,Left Wrist,108,230,231,172,7.44,37.55,103.71
02:00:54,1,Right Wrist,185,131,134,215,154.68,71.88,95.37
02:00:54,2,Left Knee,47,129,229,162,46.66,39.92,12.38
02:00:54,3,Right Knee,92,102,188,188,100.64,45.79,15.30
02:00:54,4,Head,175,199,215,190,74.70,46.86,149.49
02:00:54,5,Belly Button,113,158,179,173,75.56,51.80,72.38
02:00:55,0,Left Wrist,110,228,229,172,10.78,38.24,105.39
02:00:55,1,Right Wrist,188,135,132,216,156.62,74.37,99.48
02:00:55,2,Left Knee,49,133,226,161,48.65,41.82,13.02
02:00:55,3,Right Knee,94,103,188,188,100.47,45.82,15.34
02:00:55,4,Head,178,198,210,189,78.61,50.57,149.93
02:00:55,5,Belly Button,114,158,175,173,76.42,52.65,72.79
02:00:55,0,Left Wrist,115,228,229,170,13.86,41.62,109.32
02:00:55,1,Right Wrist,187,138,130,213,155.06,77.31,100.31
02:00:55,2,Left Knee,51,135,219,158,53.11,46.41,14.56
02:00:55,3,Right Knee,95,104,187,185,99.12,47.92,15.94
02:00:55,4,Head,180,200,206,187,79.52,55.01,150.93
02:00:55,5,Belly Button,116,159,176,171,76.87,54.88,74.00
02:00:56,0,Left Wrist,115,231,227,165,11.25,46.04,107.87
02:00:56,1,Right Wrist,185,140,127,208,152.85,81.12,98.76
02:00:56,2,Left Knee,54,137,214,155,55.85,50.10,15.80
02:00:56,3,Right Knee,98,105,186,183,98.54,49.54,16.43
02:00:56,4,Head,183,200,204,184,80.49,58.75,151.55
02:00:56,5,Belly Button,117,160,177,167,76.48,58.35,73.19
02:00:56,0,Left Wrist,117,232,226,157,11.60,53.72,106.55
02:00:56,1,Right Wrist,185,140,125,198,148.01,84.63,93.58
02:00:56,2,Left Knee,56,138,210,151,57.59,53.48,16.91
02:00:57,3,Right Knee,103,106,179,176,99.05,56.82,18.76
02:00:57,4,Head,182,200,198,181,81.68,63.26,149.14
02:00:57,5,Belly Button,121,164,176,162,75.80,63.26,76.47
02:00:57,0,Left Wrist,121,230,220,153,16.82,58.86,107.96
02:00:57,1,Right Wrist,190,143,120,195,149.73,90.05,94.07
02:00:57,2,Left Knee,59,140,200,147,62.91,60.84,19.41
02:00:57,3,Right Knee,108,107,176,172,98.90,60.60,19.91
02:00:57,4,Head,196,199,195,179,88.68,70.18,154.96
02:00:57,5,Belly Button,127,164,171,159,79.60,68.73,78.17
02:00:58,0,Left Wrist,125,229,216,150,20.76,63.13,109.74
02:00:58,1,Right Wrist,197,146,113,189,151.03,97.95,92.36
02:00:58,2,Left Knee,68,148,192,141,63.71,69.63,22.37
02:00:58,3,Right Knee,112,108,173,168,98.81,64.37,21.07
02:00:58,4,Head,214,200,192,176,93.52,80.05,162.35
02:00:58,5,Belly Button,131,164,164,154,82.58,76.07,75.66
02:00:58,0,Left Wrist,130,230,210,140,23.43,73.65,108.85
02:00:58,1,Right Wrist,200,151,110,181,147.51,104.24,92.77
02:00:58,2,Left Knee,78,149,186,135,65.88,75.22,24.21
02:00:58,3,Right Knee,116,112,168,162,98.44,70.27,22.97
02:00:58,4,Head,214,203,188,169,89.94,87.71,160.75
02:00:58,5,Belly Button,135,168,159,147,82.44,83.96,75.14
02:00:59,0,Left Wrist,140,230,204,127,26.78,88.10,109.75
02:00:59,1,Right Wrist,204,157,107,176,145.63,110.16,95.49
02:00:59,2,Left Knee,83,149,180,129,68.67,80.14,25.84
02:00:59,3,Right Knee,124,115,161,157,100.83,77.00,25.13
02:00:59,4,Head,212,206,182,164,89.30,93.84,157.74
02:00:59,5,Belly Button,140,170,156,142,83.22,89.83,75.78
02:01:00,0,Left Wrist,143,234,196,119,28.83,96.52,107.02
02:01:00,1,Right Wrist,208,165,102,171,143.81,118.18,97.85
02:01:00,2,Left Knee,87,150,175,123,70.57,84.55,27.31
02:01:00,3,Right Knee,129,119,156,153,101.88,82.19,26.82
02:01:00,4,Head,210,208,178,161,88.95,97.43,155.41
02:01:00,5,Belly Button,144,173,150,139,85.18,95.66,76.13
02:01:00,0,Left Wrist,146,235,191,112,30.54,103.57,104.34
02:01:00,1,Right Wrist,212,169,99,164,141.31,124.93,97.24
02:01:00,2,Left Knee,97,155,172,118,69.49,89.56,28.94
02:01:00,3,Right Knee,132,121,153,148,101.37,86.40,28.12
02:01:00,4,Head,213,212,173,158,89.70,104.24,155.70
02:01:00,5,Belly Button,149,177,145,134,86.05,102.77,76.54
02:01:01,0,Left Wrist,152,238,187,102,30.53,113.78,102.48
02:01:01,1,Right Wrist,212,173,95,160,139.43,130.40,94.69
02:01:01,2,Left Knee,105,158,169,111,69.42,93.78,30.29
02:01:01,3,Right Knee,139,126,149,142,102.14,92.61,29.73
02:01:01,4,Head,216,215,173,155,87.63,108.43,156.98
02:01:01,5,Belly Button,154,182,142,126,84.39,111.06,75.51
02:01:02,0,Left Wrist,158,242,182,92,31.20,124.18,99.80
02:01:02,1,Right Wrist,213,176,92,154,136.79,136.25,91.05
02:01:02,2,Left Knee,112,161,166,106,69.49,98.00,31.65
02:01:02,3,Right Knee,148,134,143,136,103.09,101.53,31.78
02:01:02,4,Head,219,218,171,152,86.83,113.61,157.47
02:01:02,5,Belly Button,164,187,143,120,82.63,116.98,83.06
02:01:02,0,Left Wrist,164,246,176,83,33.28,134.22,96.69
02:01:02,1,Right Wrist,218,182,88,151,136.43,143.20,92.24
02:01:02,2,Left Knee,120,165,163,99,69.15,103.27,33.30
02:01:02,3,Right Knee,156,142,138,130,102.30,110.95,33.35
02:01:02,4,Head,223,223,167,149,87.09,121.03,158.19
02:01:02,5,Belly Button,171,190,142,114,81.85,123.40,84.43
02:01:03,0,Left Wrist,170,251,175,75,31.59,142.63,95.80
02:01:03,1,Right Wrist,218,186,85,148,134.88,148.06,89.58
02:01:03,2,Left Knee,133,171,160,92,68.18,112.47,35.78
02:01:03,3,Right Knee,159,148,136,125,99.76,116.53,34.89
02:01:03,4,Head,224,229,165,144,84.09,127.84,157.56
02:01:03,5,Belly Button,178,197,134,106,82.50,136.10,80.09
02:01:04,0,Left Wrist,179,255,172,68,32.44,152.70,96.47
02:01:04,1,Right Wrist,219,190,83,144,132.79,153.22,87.17
02:01:04,2,Left Knee,140,177,157,84,66.88,119.94,38.01
02:01:04,3,Right Knee,162,155,143,121,93.22,124.00,23.20
02:01:04,4,Head,226,233,161,144,85.86,132.42,158.10
02:01:04,5,Belly Button,192,202,137,100,80.05,143.49,89.59
02:01:04,0,Left Wrist,183,258,170,62,32.54,159.22,93.70
02:01:04,1,Right Wrist,221,194,80,142,132.40,158.35,85.31
02:01:04,2,Left Knee,146,182,154,78,66.32,126.26,39.99
02:01:04,3,Right Knee,167,161,138,117,93.17,129.85,27.23
02:01:04,4,Head,228,236,156,144,88.32,137.21,157.77
02:01:04,5,Belly Button,193,208,135,95,78.19,149.61,86.69
02:01:05,0,Left Wrist,186,262,167,56,33.43,165.65,89.25
02:01:05,1,Right Wrist,222,197,76,138,131.44,165.54,76.54
02:01:05,2,Left Knee,150,186,152,74,65.76,130.67,41.44
02:01:05,3,Right Knee,171,165,134,114,93.42,134.07,31.11
02:01:05,4,Head,236,240,152,149,94.27,142.36,162.33
02:01:05,5,Belly Button,195,211,132,90,77.80,156.40,80.08
02:01:05,0,Left Wrist,187,264,165,51,33.97,169.95,83.61
02:01:05,1,Right Wrist,223,200,74,137,131.35,169.39,74.04
02:01:05,2,Left Knee,156,190,149,70,65.98,136.45,43.23
02:01:05,3,Right Knee,173,169,126,112,95.98,135.63,41.45
02:01:06,4,Head,235,241,149,149,95.27,143.91,160.99
02:01:06,5,Belly Button,210,216,130,87,78.51,166.87,86.01
02:01:06,0,Left Wrist,200,264,163,48,36.13,180.88,86.13
02:01:06,1,Right Wrist,224,202,72,135,131.07,174.34,67.14
02:01:06,2,Left Knee,160,191,147,67,66.79,139.76,44.17
02:01:06,3,Right Knee,176,172,122,109,96.75,139.19,43.87
02:01:06,4,Head,235,242,147,148,95.54,145.98,159.87
02:01:06,5,Belly Button,221,219,128,83,78.27,177.68,84.72
02:01:07,0,Left Wrist,207,265,161,45,38.03,188.62,82.49
02:01:07,1,Right Wrist,226,204,71,135,131.41,176.37,68.00
02:01:07,2,Left Knee,164,193,147,65,65.32,143.94,45.22
02:01:07,3,Right Knee,177,175,126,107,93.03,141.47,42.12
02:01:07,4,Head,241,243,146,150,98.69,148.99,162.38
02:01:07,5,Belly Button,230,221,122,80,81.62,198.57,50.45
02:01:07,0,Left Wrist,213,267,160,42,39.03,196.39,76.67
02:01:07,1,Right Wrist,226,205,69,133,131.14,179.49,63.23
02:01:07,2,Left Knee,167,195,146,63,65.05,146.95,46.14
02:01:07,3,Right Knee,178,178,125,106,92.66,143.11,43.25
02:01:07,4,Head,240,244,146,152,99.12,147.92,163.37
02:01:07,5,Belly Button,232,222,116,78,84.37,197.48,61.20
02:01:08,0,Left Wrist,212,267,158,39,39.46,199.73,65.70
02:01:08,1,Right Wrist,227,207,69,131,129.89,181.46,63.24
02:01:08,2,Left Knee,170,197,146,61,63.76,150.28,47.10
02:01:08,3,Right Knee,179,181,124,105,92.24,144.81,44.42
02:01:08,4,Head,239,246,143,154,101.21,149.01,163.21
02:01:08,5,Belly Button,239,224,111,77,88.60,200.53,62.95
02:01:09,0,Left Wrist,211,267,157,36,38.07,199.33,64.17
02:01:09,1,Right Wrist,228,207,67,130,129.96,182.30,62.75
02:01:09,2,Left Knee,171,198,146,59,63.27,151.45,47.46
02:01:09,3,Right Knee,180,181,123,104,92.54,145.72,45.09
02:01:09,4,Head,238,246,142,154,101.62,149.06,162.46
02:01:09,5,Belly Button,245,225,110,75,89.49,202.65,63.70
02:01:09,0,Left Wrist,210,269,157,34,36.16,199.26,64.21
02:01:09,1,Right Wrist,227,209,65,127,127.70,183.47,62.90
02:01:09,2,Left Knee,173,199,146,58,62.49,153.62,48.10
02:01:09,3,Right Knee,182,183,120,103,93.60,147.82,46.76
02:01:09,4,Head,245,247,139,154,104.78,154.79,163.00
02:01:09,5,Belly Button,248,225,107,75,92.41,203.05,63.95
02:01:10,0,Left Wrist,209,270,155,32,34.57,198.87,63.94
02:01:10,1,Right Wrist,228,208,64,125,126.86,183.29,62.34
02:01:10,2,Left Knee,174,200,146,57,62.05,154.75,48.45
02:01:10,3,Right Knee,185,184,120,102,93.36,150.43,46.51
02:01:10,4,Head,252,249,138,154,106.74,160.13,164.56
02:01:10,5,Belly Button,252,227,104,74,95.32,204.35,64.52
02:01:11,0,Left Wrist,208,273,155,32,33.75,199.02,64.48
02:01:11,1,Right Wrist,228,208,63,124,126.29,183.33,62.23
02:01:11,2,Left Knee,175,200,145,57,62.82,155.42,48.68
02:01:11,3,Right Knee,185,184,124,102,91.27,150.99,42.11
02:01:11,4,Head,249,249,138,154,105.88,158.54,163.90
02:01:11,5,Belly Button,256,228,102,73,97.30,205.35,64.93
02:01:11,0,Left Wrist,206,276,155,31,32.34,198.25,64.53
02:01:11,1,Right Wrist,229,209,61,123,125.90,184.38,62.48
02:01:11,2,Left Knee,173,200,145,56,63.43,153.39,48.13
02:01:11,3,Right Knee,187,185,121,101,92.40,152.50,45.47
02:01:11,4,Head,245,250,137,152,104.10,158.58,161.69
02:01:11,5,Belly Button,261,228,100,73,99.31,205.91,65.17
02:01:12,0,Left Wrist,204,277,154,30,31.22,197.03,64.15
02:01:12,1,Right Wrist,231,210,60,121,125.58,185.90,62.72
02:01:12,2,Left Knee,172,200,145,55,63.70,152.40,47.88
02:01:12,3,Right Knee,188,186,120,100,92.45,153.64,46.58
02:01:12,4,Head,259,251,135,152,108.75,167.81,163.69
02:01:12,5,Belly Button,263,229,98,72,101.29,206.79,65.56
02:01:12,0,Left Wrist,204,281,153,29,30.16,197.54,64.37
02:01:13,1,Right Wrist,232,212,60,121,125.22,187.44,63.31
02:01:13,2,Left Knee,172,200,145,54,63.69,152.41,47.89
02:01:13,3,Right Knee,188,187,124,100,90.31,154.79,40.81
02:01:13,4,Head,256,251,134,150,107.25,167.77,161.48
02:01:13,5,Belly Button,265,230,96,71,103.28,207.79,65.99
02:01:13,0,Left Wrist,203,280,153,29,30.11,196.73,64.10
02:01:13,1,Right Wrist,232,213,61,121,124.75,187.99,63.57
02:01:13,2,Left Knee,173,201,144,54,64.29,153.22,48.21
02:01:13,3,Right Knee,187,188,131,99,86.28,157.22,28.81
02:01:13,4,Head,252,253,134,148,104.44,167.79,160.01
02:01:13,5,Belly Button,255,230,93,71,106.03,207.28,66.13
02:01:14,0,Left Wrist,201,283,153,29,29.84,195.53,63.87
02:01:14,1,Right Wrist,231,212,61,120,124.12,187.04,63.15
02:01:14,2,Left Knee,178,201,144,53,62.80,158.29,49.59
02:01:14,3,Right Knee,187,188,132,99,85.78,157.60,27.04
02:01:14,4,Head,250,250,139,145,100.38,163.92,160.10
02:01:14,5,Belly Button,248,229,93,70,105.63,204.95,65.63
02:01:14,0,Left Wrist,200,291,154,28,28.69,195.18,63.81
02:01:14,1,Right Wrist,227,210,62,119,122.25,184.21,62.23
02:01:14,2,Left Knee,179,201,145,52,61.34,159.73,49.98
02:01:14,3,Right Knee,183,187,136,98,82.82,154.89,26.14
02:01:14,4,Head,246,250,143,143,95.94,160.70,160.20
02:01:14,5,Belly Button,242,230,98,69,100.35,203.11,65.07
02:01:15,0,Left Wrist,199,286,155,29,29.50,194.20,63.60
02:01:15,1,Right Wrist,226,210,63,117,120.63,183.83,61.97
02:01:15,2,Left Knee,178,201,147,53,59.47,159.42,49.82
02:01:15,3,Right Knee,179,185,133,95,82.34,149.09,42.01
02:01:15,4,Head,245,249,146,142,93.77,158.60,160.69
02:01:15,5,Belly Button,240,230,99,69,99.20,202.23,64.85
02:01:16,0,Left Wrist,197,282,154,31,31.14,192.46,63.24
02:01:16,1,Right Wrist,230,208,62,118,124.90,184.47,61.96
02:01:16,2,Left Knee,175,203,157,55,49.76,159.51,49.42
02:01:16,3,Right Knee,178,184,131,96,83.96,147.54,43.98
02:01:16,4,Head,243,247,146,143,94.33,155.91,160.28
02:01:16,5,Belly Button,232,228,105,71,93.27,197.60,63.21
02:01:16,0,Left Wrist,193,279,154,35,34.10,189.01,62.74
02:01:16,1,Right Wrist,231,206,63,119,127.25,183.74,61.68
02:01:16,2,Left Knee,171,200,155,56,53.15,154.82,48.11
02:01:16,3,Right Knee,180,182,132,96,83.71,149.15,41.56
02:01:16,4,Head,241,245,143,144,96.54,154.82,158.34
02:01:16,5,Belly Button,225,226,112,72,86.87,193.42,61.52
02:01:17,0,Left Wrist,191,279,157,38,35.68,186.01,63.17
02:01:17,1,Right Wrist,226,204,65,118,124.22,180.49,60.58
02:01:17,2,Left Knee,170,197,155,58,53.67,153.64,47.69
02:01:17,3,Right Knee,188,179,136,97,82.89,158.63,23.80
02:01:17,4,Head,238,243,146,142,93.60,151.76,157.40
02:01:17,5,Belly Button,216,224,115,74,83.89,187.27,59.89
02:01:18,0,Left Wrist,189,276,159,40,35.81,182.46,64.32
02:01:18,1,Right Wrist,221,202,67,118,121.71,177.14,59.54
02:01:18,2,Left Knee,168,192,153,60,56.87,150.62,46.80
02:01:18,3,Right Knee,182,176,136,97,82.59,151.90,31.02
02:01:18,4,Head,236,241,149,141,91.48,148.74,157.16
02:01:18,5,Belly Button,206,223,120,76,79.17,180.71,58.26
02:01:18,0,Left Wrist,186,275,160,43,36.06,177.73,66.61
02:01:18,1,Right Wrist,218,198,67,119,122.16,173.55,58.32
02:01:18,2,Left Knee,165,193,153,63,58.20,147.28,45.79
02:01:18,3,Right Knee,177,174,139,100,82.44,147.07,28.27
02:01:18,4,Head,233,239,151,143,91.14,144.15,157.65
02:01:18,5,Belly Button,199,218,119,79,80.00,174.36,56.74
02:01:19,0,Left Wrist,182,279,161,54,37.65,166.83,79.47
02:01:19,1,Right Wrist,219,194,68,123,126.26,171.60,57.68
02:01:19,2,Left Knee,158,190,155,66,59.26,140.12,43.57
02:01:19,3,Right Knee,171,173,139,102,83.06,140.09,34.42
02:01:19,4,Head,230,237,151,148,93.41,139.01,158.63
02:01:19,5,Belly Button,194,212,119,82,81.47,168.77,54.95
02:01:20,0,Left Wrist,178,272,162,57,37.50,162.16,79.43
02:01:20,1,Right Wrist,219,193,68,126,127.83,170.85,57.59
02:01:20,2,Left Knee,151,185,155,70,63.13,131.86,41.23
02:01:20,4,Head,228,235,152,150,93.93,135.52,158.73
02:01:20,5,Belly Button,192,207,120,86,83.39,165.14,53.47
02:01:20,0,Left Wrist,174,268,164,58,36.01,158.63,77.63
02:01:20,1,Right Wrist,226,190,71,127,132.35,172.51,57.15
02:01:20,2,Left Knee,145,181,155,75,66.03,125.23,39.59
02:01:20,3,Right Knee,171,166,138,107,87.02,137.59,31.20
02:01:20,4,Head,224,232,157,151,91.42,129.18,158.86
02:01:20,5,Belly Button,189,206,123,89,82.53,162.28,52.61
02:01:21,0,Left Wrist,171,262,167,62,34.41,153.44,80.96
02:01:21,1,Right Wrist,223,188,74,129,131.22,169.82,56.05
02:01:21,2,Left Knee,143,177,155,79,68.04,122.13,38.62
02:01:21,3,Right Knee,166,162,138,110,88.60,131.24,35.01
02:01:21,4,Head,220,229,163,153,88.87,121.91,159.50
02:01:21,5,Belly Button,187,204,125,93,83.20,159.52,50.92
02:01:21,0,Left Wrist,169,258,167,68,36.06,148.61,84.69
02:01:21,1,Right Wrist,219,186,76,132,130.98,166.21,55.23
02:01:21,2,Left Knee,142,174,155,82,69.52,120.17,37.97
02:01:21,3,Right Knee,159,160,138,111,89.39,124.51,38.20
02:01:21,4,Head,219,227,164,154,89.25,119.55,159.21
02:01:21,5,Belly Button,184,201,128,96,83.37,159.87,36.08
02:01:22,0,Left Wrist,165,253,167,74,37.86,142.77,85.68
02:01:22,1,Right Wrist,216,185,76,131,129.98,164.43,55.10
02:01:22,2,Left Knee,137,171,156,87,70.69,115.31,36.76
02:01:22,3,Right Knee,153,157,141,113,89.08,118.74,37.13
02:01:22,4,Head,220,224,164,153,90.19,119.26,158.09
02:01:22,5,Belly Button,179,198,133,99,81.91,156.77,26.87
02:01:23,0,Left Wrist,162,252,171,80,36.13,136.40,90.29
02:01:23,1,Right Wrist,216,183,77,130,130.02,163.59,54.43
02:01:23,2,Left Knee,127,169,156,90,70.99,110.40,35.72
02:01:23,3,Right Knee,151,154,139,115,92.12,115.66,37.02
02:01:23,4,Head,218,224,164,154,90.06,117.84,157.74
02:01:23,5,Belly Button,174,196,139,102,79.63,153.62,18.25
02:01:23,0,Left Wrist,160,249,174,82,34.15,133.40,91.33
02:01:23,1,Right Wrist,209,181,82,129,126.23,159.07,53.18
02:01:23,2,Left Knee,119,167,159,94,70.04,106.48,34.48
02:01:23,3,Right Knee,151,151,141,117,92.30,114.43,36.02
02:01:23,4,Head,216,223,168,155,88.04,114.01,158.36
02:01:23,5,Belly Button,169,194,142,104,78.20,149.41,16.42
02:01:24,0,Left Wrist,156,248,175,83,33.43,130.65,88.27
02:01:24,1,Right Wrist,207,179,88,130,124.58,156.47,51.16
02:01:24,2,Left Knee,114,168,161,100,68.28,105.51,34.16
02:01:24,3,Right Knee,146,149,144,119,91.47,109.95,34.96
02:01:24,4,Head,211,221,178,157,82.44,105.07,159.43
02:01:24,5,Belly Button,163,192,140,110,80.45,144.19,16.62
02:01:25,0,Left Wrist,153,245,176,86,33.53,127.12,87.76
02:01:25,1,Right Wrist,202,178,93,133,123.29,154.16,44.00
02:01:25,2,Left Knee,107,171,163,104,65.46,105.81,34.27
02:01:25,3,Right Knee,139,142,149,127,92.39,101.46,32.43
02:01:25,4,Head,208,221,178,162,83.95,100.95,160.08
02:01:25,5,Belly Button,159,191,146,116,79.19,141.71,5.26
02:01:25,0,Left Wrist,149,240,176,91,35.31,122.10,86.96
02:01:25,1,Right Wrist,199,175,96,136,123.89,152.90,34.47
02:01:25,2,Left Knee,105,168,164,109,66.64,102.90,33.36
02:01:25,3,Right Knee,133,135,151,134,94.22,94.82,30.76
02:01:25,4,Head,216,218,188,166,83.89,95.99,166.76
02:01:25,5,Belly Button,154,187,147,121,80.49,135.92,4.42
02:01:26,0,Left Wrist,146,233,173,101,41.84,114.82,89.11
02:01:26,1,Right Wrist,195,170,97,142,126.62,147.67,31.99
02:01:26,2,Left Knee,101,176,167,115,60.44,102.67,33.96
02:01:26,3,Right Knee,129,126,154,143,97.03,88.03,28.68
02:01:26,4,Head,209,213,185,171,88.51,89.59,162.52
02:01:26,5,Belly Button,150,179,151,130,83.24,129.05,-2.25
02:01:27,0,Left Wrist,144,227,174,111,45.15,106.85,93.89
02:01:27,1,Right Wrist,190,167,100,147,127.54,144.00,26.21
02:01:27,2,Left Knee,94,168,172,125,62.44,93.02,30.86
02:01:27,3,Right Knee,126,118,159,150,98.49,81.59,26.49
02:01:27,4,Head,203,210,191,175,86.37,80.84,161.22
02:01:27,5,Belly Button,146,174,154,137,84.89,123.22,-6.40
02:01:27,0,Left Wrist,139,220,176,117,45.92,100.16,92.64
02:01:27,1,Right Wrist,183,163,106,152,127.02,138.91,18.55
02:01:27,2,Left Knee,90,162,179,131,62.65,85.38,28.00
02:01:27,3,Right Knee,121,115,164,158,99.20,74.78,24.38
02:01:27,4,Head,197,209,192,177,84.87,76.62,158.67
02:01:27,5,Belly Button,142,169,156,145,87.29,117.02,-9.88
02:01:28,0,Left Wrist,136,212,177,128,50.07,90.89,95.29
02:01:28,1,Right Wrist,179,159,109,157,128.25,134.73,14.86
02:01:28,2,Left Knee,86,155,180,141,66.72,78.18,26.02
02:01:28,3,Right Knee,116,109,173,166,98.90,65.72,21.24
02:01:28,4,Head,193,205,194,181,86.01,70.50,156.50
02:01:28,5,Belly Button,136,164,162,155,87.51,108.65,-16.58
02:01:28,0,Left Wrist,131,206,180,138,51.09,80.84,96.17
02:01:28,1,Right Wrist,176,155,114,161,128.29,130.98,8.80
02:01:29,2,Left Knee,81,154,183,149,64.75,70.42,24.17
02:01:29,3,Right Knee,112,107,180,173,98.73,58.42,18.77
02:01:29,4,Head,190,203,197,185,86.05,64.95,155.74
02:01:29,5,Belly Button,132,161,167,162,86.94,102.77,-21.84
02:01:29,0,Left Wrist,126,202,183,147,50.35,71.18,96.82
02:01:29,1,Right Wrist,170,152,121,165,126.14,126.14,2.35
02:01:29,3,Right Knee,110,105,184,178,99.31,53.71,17.23
02:01:29,4,Head,185,202,200,190,85.12,58.53,154.43
02:01:29,5,Belly Button,127,161,176,168,82.87,96.84,-29.72
02:01:30,0,Left Wrist,122,198,186,153,50.21,64.52,95.84
02:01:30,1,Right Wrist,166,152,126,168,124.11,124.24,-3.56
02:01:30,2,Left Knee,73,154,192,157,59.79,60.50,21.05
02:01:30,3,Right Knee,104,104,189,183,97.82,48.30,15.69
02:01:30,4,Head,184,200,205,192,84.12,53.78,154.24
02:01:30,5,Belly Button,123,161,179,173,80.44,92.10,-33.50
02:01:30,0,Left Wrist,120,197,188,160,49.26,57.41,97.97
02:01:30,1,Right Wrist,163,150,132,171,122.08,120.57,-9.01
02:01:30,2,Left Knee,68,165,195,162,46.72,52.39,19.75
02:01:30,3,Right Knee,101,102,193,187,97.49,44.06,14.34
02:01:30,4,Head,181,199,207,193,82.73,50.91,152.62
02:01:30,5,Belly Button,120,158,181,177,80.47,87.34,-34.22
02:01:31,0,Left Wrist,117,195,190,164,48.64,52.75,96.89
02:01:31,1,Right Wrist,160,150,136,173,119.83,118.44,-12.46
02:01:31,2,Left Knee,62,168,197,167,42.21,46.68,18.67
02:01:31,3,Right Knee,97,101,195,190,97.50,41.32,13.58
02:01:31,4,Head,178,198,208,195,82.27,48.00,151.03
02:01:31,5,Belly Button,118,158,183,181,79.08,84.08,-37.80
02:01:32,0,Left Wrist,116,193,191,168,49.48,48.97,97.10
02:01:32,1,Right Wrist,159,148,139,176,119.78,115.98,-15.43
02:01:32,2,Left Knee,58,168,198,171,40.84,42.57,17.24
02:01:32,3,Right Knee,96,99,199,193,96.93,37.72,12.32
02:01:32,4,Head,176,197,209,195,81.39,46.60,149.53
02:01:32,5,Belly Button,117,159,184,183,77.65,82.60,-40.48
02:01:32,0,Left Wrist,114,193,192,171,48.00,45.34,96.99
02:01:32,1,Right Wrist,158,147,142,178,119.11,114.10,-18.36
02:01:32,2,Left Knee,55,170,200,174,38.48,39.38,17.33
02:01:32,3,Right Knee,95,99,204,196,95.55,33.70,10.87
02:01:32,4,Head,175,196,209,196,81.90,45.42,148.68
02:01:32,5,Belly Button,116,159,183,185,76.99,80.92,-41.98
02:01:33,0,Left Wrist,113,192,193,174,48.07,42.29,97.04
02:01:33,1,Right Wrist,156,147,145,180,117.48,112.33,-20.92
02:01:33,2,Left Knee,53,174,201,177,35.22,35.38,22.48
02:01:33,3,Right Knee,91,98,204,198,96.30,32.51,10.69
02:01:33,4,Head,175,196,210,195,80.97,45.50,148.60
02:01:33,5,Belly Button,115,159,184,187,76.25,79.07,-43.75
02:01:34,0,Left Wrist,112,191,192,177,48.19,39.27,96.97
02:01:34,1,Right Wrist,155,145,147,181,117.28,109.97,-21.73
02:01:34,2,Left Knee,49,181,202,179,28.49,31.23,27.44
02:01:34,3,Right Knee,89,97,207,199,94.61,30.48,9.96
02:01:34,4,Head,174,196,210,196,80.95,44.62,148.22
02:01:34,5,Belly Button,114,159,184,188,75.57,77.76,-44.40
02:01:34,0,Left Wrist,111,188,194,179,50.06,37.53,95.47
02:01:34,1,Right Wrist,154,145,148,181,116.37,109.20,-22.04
02:01:34,2,Left Knee,48,184,203,181,25.72,28.16,31.22
02:01:34,3,Right Knee,89,97,207,200,95.38,29.95,9.83
02:01:34,4,Head,173,195,211,196,80.54,43.53,147.27
02:01:34,5,Belly Button,113,160,184,188,74.19,77.16,-44.98
02:01:35,0,Left Wrist,111,188,194,180,50.02,36.57,95.84
02:01:35,1,Right Wrist,152,145,150,181,114.56,107.64,-22.64
02:01:35,2,Left Knee,45,186,204,182,23.19,27.05,29.42
02:01:35,3,Right Knee,87,97,210,201,93.54,27.95,9.12
02:01:35,4,Head,172,194,211,195,80.18,43.56,145.99
02:01:35,5,Belly Button,113,160,183,190,74.12,76.06,-46.86
02:01:35,0,Left Wrist,111,188,194,182,49.94,34.66,96.56
02:01:36,1,Right Wrist,150,144,151,182,113.64,105.66,-22.02
02:01:36,2,Left Knee,44,187,206,184,22.07,24.72,30.68
02:01:36,3,Right Knee,87,98,210,201,93.45,27.96,9.14
02:01:36,4,Head,171,195,212,195,78.70,43.05,145.99
02:01:36,5,Belly Button,111,158,183,191,74.33,73.58,-45.32
02:01:36,0,Left Wrist,110,186,195,183,51.01,33.71,95.12
02:01:36,1,Right Wrist,149,145,152,183,112.44,105.43,-23.13
02:01:36,2,Left Knee,43,182,208,185,26.04,25.27,25.25
02:01:36,3,Right Knee,87,98,212,202,92.66,26.47,8.60
02:01:36,4,Head,170,195,212,197,79.09,41.57,145.80
02:01:36,5,Belly Button,111,158,183,192,74.29,73.00,-46.28
02:01:37,0,Left Wrist,109,185,196,183,51.24,33.52,93.82
02:01:37,1,Right Wrist,149,145,152,183,112.44,105.43,-23.13
02:01:37,2,Left Knee,43,185,210,186,23.52,23.19,29.27
02:01:37,3,Right Knee,88,98,213,202,92.12,26.02,8.36
02:01:37,4,Head,171,194,212,198,80.53,40.97,146.12
02:01:37,5,Belly Button,111,158,184,192,74.28,72.98,-46.32
02:01:37,0,Left Wrist,109,187,195,184,49.49,32.18,95.18
02:01:37,1,Right Wrist,146,144,152,183,110.84,103.17,-19.94
02:01:37,2,Left Knee,43,189,211,186,20.05,22.20,32.40
02:01:37,3,Right Knee,87,99,214,203,91.83,25.00,8.07
02:01:37,4,Head,171,194,212,200,81.38,39.77,146.51
02:01:38,5,Belly Button,110,158,184,191,73.70,72.78,-45.00
02:01:38,0,Left Wrist,110,188,196,184,49.21,32.34,96.48
02:01:38,1,Right Wrist,146,144,153,183,110.64,102.91,-21.19
02:01:38,2,Left Knee,42,190,210,187,18.91,21.07,32.44
02:01:38,3,Right Knee,84,100,214,204,92.00,24.42,8.02
02:01:38,4,Head,170,194,211,201,81.78,39.41,145.99
02:01:38,5,Belly Button,109,157,184,191,73.84,71.82,-43.70
02:01:39,0,Left Wrist,110,186,195,185,50.93,31.79,95.79
02:01:39,1,Right Wrist,146,145,153,185,110.38,103.43,-22.24
02:01:39,2,Left Knee,42,191,209,187,18.03,20.87,33.06
02:01:39,3,Right Knee,82,99,215,205,91.89,23.38,7.69
02:01:39,4,Head,171,192,211,202,83.79,38.55,145.80
02:01:39,5,Belly Button,108,157,184,190,73.28,71.62,-42.32
02:01:39,0,Left Wrist,110,184,196,184,52.67,33.13,94.42
02:01:39,1,Right Wrist,146,143,154,185,111.15,101.94,-22.54
02:01:39,2,Left Knee,41,191,208,188,17.79,19.96,32.43
02:01:39,3,Right Knee,84,100,216,205,91.18,22.94,7.48
02:01:39,4,Head,170,192,209,202,84.20,39.33,144.97
02:01:39,5,Belly Button,108,157,186,191,73.21,71.00,-43.40
02:01:40,0,Left Wrist,110,184,196,183,52.71,34.08,94.07
02:01:40,1,Right Wrist,146,142,155,186,111.57,101.00,-23.56
02:01:40,2,Left Knee,42,186,209,188,22.41,20.91,30.28
02:01:40,3,Right Knee,84,99,215,204,91.31,23.94,7.80
02:01:40,4,Head,169,192,208,203,84.52,38.96,144.44
02:01:40,5,Belly Button,108,156,186,193,73.88,69.66,-44.39
02:01:41,0,Left Wrist,110,185,196,183,51.85,33.88,94.60
02:01:41,1,Right Wrist,144,142,155,185,110.07,99.95,-21.44
02:01:41,2,Left Knee,41,179,210,189,28.02,22.20,22.39
02:01:41,3,Right Knee,85,100,214,204,92.12,24.44,8.00
02:01:41,4,Head,171,192,210,203,84.66,38.48,145.87
02:01:41,5,Belly Button,106,158,187,191,71.27,69.63,-43.52
02:01:41,0,Left Wrist,109,186,197,183,50.36,33.30,94.35
02:01:41,1,Right Wrist,143,143,154,185,109.04,100.26,-19.67
02:01:41,2,Left Knee,41,171,208,188,33.57,25.35,11.33
02:01:41,3,Right Knee,82,102,211,205,94.46,25.30,8.60
02:01:41,4,Head,172,191,211,203,85.25,37.96,146.08
02:01:41,5,Belly Button,107,157,188,192,72.56,69.60,-44.05
02:01:42,0,Left Wrist,107,189,203,184,46.42,30.97,94.64
02:01:42,1,Right Wrist,145,141,151,184,111.86,100.97,-16.34
02:01:42,2,Left Knee,43,164,212,185,39.24,28.24,10.56
02:01:42,3,Right Knee,79,103,210,206,95.18,25.17,8.79
02:01:42,4,Head,171,192,212,204,84.16,36.83,146.27
02:01:42,5,Belly Button,106,157,192,193,71.88,68.14,-44.77
02:01:43,0,Left Wrist,106,190,210,186,44.74,28.39,94.98
02:01:43,1,Right Wrist,150,139,151,184,116.22,102.42,-20.20
02:01:43,2,Left Knee,49,159,205,181,45.15,33.20,12.19
02:01:43,3,Right Knee,78,104,210,207,95.07,24.53,8.78
02:01:43,4,Head,172,191,212,205,85.63,36.23,146.54
02:01:43,5,Belly Button,110,154,196,194,76.27,69.71,-45.31
02:01:43,0,Left Wrist,104,191,215,186,42.56,27.44,93.85
02:01:43,1,Right Wrist,156,139,151,184,120.00,105.36,-24.77
02:01:43,2,Left Knee,53,155,198,178,50.08,37.24,13.51
02:01:43,3,Right Knee,76,105,209,207,94.89,24.85,9.10
02:01:43,4,Head,171,191,212,207,85.95,34.77,146.28
02:01:43,5,Belly Button,112,153,196,195,78.15,70.40,-46.25
02:01:44,0,Left Wrist,102,192,216,185,40.56,27.61,92.34
02:01:44,1,Right Wrist,158,138,151,183,121.26,105.73,-24.98
02:01:44,2,Left Knee,59,152,192,175,54.50,41.48,15.02
02:01:44,3,Right Knee,76,106,209,209,94.52,23.37,9.00
02:01:44,4,Head,171,191,214,208,85.47,33.10,146.64
02:01:44,5,Belly Button,114,152,199,196,79.86,70.66,-47.88
02:01:45,0,Left Wrist,101,192,218,184,39.93,28.18,91.25
02:01:45,1,Right Wrist,159,137,151,182,121.87,105.65,-24.44
02:01:45,2,Left Knee,60,148,188,172,59.98,46.06,16.47
02:01:45,3,Right Knee,74,106,208,209,94.79,23.68,9.20
02:01:45,4,Head,172,192,213,208,85.86,34.18,147.64
02:01:45,5,Belly Button,115,150,201,198,81.70,69.40,-48.96
02:01:45,0,Left Wrist,101,194,220,184,38.08,27.82,92.12
02:01:45,1,Right Wrist,157,137,150,181,120.77,105.01,-21.78
02:01:45,2,Left Knee,56,146,196,173,61.63,45.55,16.22
02:01:45,3,Right Knee,75,107,206,209,94.38,24.00,9.59
02:01:45,4,Head,171,192,215,208,84.46,32.82,147.24
02:01:45,5,Belly Button,112,150,202,198,79.90,67.18,-47.62
02:01:46,0,Left Wrist,100,197,227,183,34.40,27.69,92.33
02:01:46,2,Left Knee,51,146,201,175,60.63,43.17,15.37
02:01:46,3,Right Knee,73,108,206,207,93.48,25.33,9.87
02:01:46,4,Head,170,193,218,207,81.62,31.82,147.23
02:01:46,5,Belly Button,110,153,200,198,76.80,66.88,-48.39
02:01:46,0,Left Wrist,100,199,246,0,26.00,27.57,92.54
02:01:46,1,Right Wrist,151,142,154,180,113.96,104.28,-24.05
02:01:46,2,Left Knee,48,0,207,179,45.02,34.87,12.61
02:01:46,3,Right Knee,73,108,0,203,77.77,18.77,5.82
02:01:46,4,Head,170,195,220,207,79.56,31.31,148.37
02:01:47,5,Belly Button,106,156,203,198,72.26,64.39,-49.18
02:01:47,0,Left Wrist,99,204,249,183,22.89,23.11,94.53
02:01:47,1,Right Wrist,150,141,157,180,113.01,102.42,-25.65
02:01:47,2,Left Knee,46,0,213,182,43.65,31.77,11.60
02:01:47,3,Right Knee,76,113,206,198,88.75,31.09,11.13
02:01:47,4,Head,170,196,222,209,78.89,29.29,149.32
02:01:47,5,Belly Button,104,0,203,197,96.51,38.62,3.26
02:01:48,0,Left Wrist,99,206,0,183,18.41,20.94,94.99
02:01:48,1,Right Wrist,149,143,159,181,111.28,102.46,-28.41
02:01:48,2,Left Knee,43,143,219,185,59.50,32.65,11.60
02:01:48,3,Right Knee,79,117,200,193,87.39,36.14,13.15
02:01:48,4,Head,169,198,224,209,76.30,28.51,149.78
02:01:48,5,Belly Button,102,160,209,198,66.92,61.96,-50.71
02:01:48,0,Left Wrist,99,207,251,184,20.29,22.25,95.49
02:01:48,1,Right Wrist,147,144,161,181,109.13,101.45,-29.42
02:01:48,2,Left Knee,41,143,222,186,58.74,31.21,10.99
02:01:48,3,Right Knee,81,121,196,189,85.14,39.54,14.53
02:01:48,4,Head,169,200,227,210,74.14,26.87,151.05
02:01:48,5,Belly Button,100,164,213,198,62.72,61.12,-52.75
02:01:49,0,Left Wrist,99,206,250,185,21.66,21.65,95.46
02:01:49,1,Right Wrist,145,143,163,182,108.14,99.14,-29.84
02:01:49,2,Left Knee,39,141,225,188,59.42,29.09,10.08
02:01:49,3,Right Knee,84,123,193,185,84.67,43.38,15.79
02:01:49,4,Head,170,201,229,211,73.52,25.75,152.40
02:01:49,5,Belly Button,98,167,216,200,59.26,58.82,-55.29
02:01:50,0,Left Wrist,98,207,250,185,20.60,21.70,94.78
02:01:50,1,Right Wrist,145,144,165,183,107.39,99.01,-32.56
02:01:50,2,Left Knee,38,140,230,190,58.12,26.07,8.79
02:01:50,3,Right Knee,86,126,186,181,83.83,47.45,17.43
02:01:50,4,Head,169,203,229,211,71.82,26.02,152.67
02:01:50,5,Belly Button,97,171,216,197,55.62,60.82,-55.04
02:01:50,0,Left Wrist,97,209,251,185,18.43,21.60,94.30
02:01:50,1,Right Wrist,144,145,167,183,105.84,98.46,-34.08
02:01:50,2,Left Knee,37,139,231,191,58.38,25.06,8.40
02:01:50,3,Right Knee,91,126,186,181,84.76,48.22,18.09
02:01:50,4,Head,170,203,230,212,72.27,25.15,153.51
02:01:50,5,Belly Button,97,174,215,196,53.23,62.01,-56.08
02:01:51,0,Left Wrist,97,209,250,184,18.55,22.64,94.06
02:01:51,1,Right Wrist,142,146,167,184,104.29,97.72,-33.87
02:01:51,2,Left Knee,36,139,232,192,58.14,24.06,8.08
02:01:51,3,Right Knee,95,124,185,180,87.74,50.52,18.64
02:01:51,4,Head,170,203,232,212,71.32,24.11,153.59
02:01:51,5,Belly Button,97,175,216,197,52.38,61.46,-57.44
02:01:51,0,Left Wrist,99,209,251,182,18.34,24.10,95.46
02:01:52,1,Right Wrist,140,146,169,185,102.77,95.85,-34.77
02:01:52,2,Left Knee,35,139,232,192,58.13,24.06,8.08
02:01:52,3,Right Knee,99,122,183,181,90.67,51.25,19.20
02:01:52,4,Head,171,204,234,212,70.25,23.63,154.76
02:01:52,5,Belly Button,97,177,214,197,50.75,61.78,-58.54
02:01:52,0,Left Wrist,98,210,248,181,18.18,25.76,94.44
02:01:52,1,Right Wrist,140,151,170,186,99.96,97.84,-38.70
02:01:52,2,Left Knee,33,139,232,191,57.70,24.68,8.21
02:01:52,3,Right Knee,101,119,182,184,93.54,49.89,19.07
02:01:52,4,Head,170,205,236,212,68.17,22.60,154.62
02:01:52,5,Belly Button,96,178,213,198,49.38,60.53,-59.26
02:01:53,0,Left Wrist,99,210,257,183,15.36,21.57,95.84
02:01:53,1,Right Wrist,140,150,169,187,100.80,97.47,-37.85
02:01:53,2,Left Knee,33,139,231,192,58.72,24.43,8.27
02:01:53,3,Right Knee,99,116,185,188,94.46,46.00,17.49
02:01:53,4,Head,170,205,236,213,68.61,21.96,154.76
02:01:53,5,Belly Button,96,178,213,199,49.35,59.83,-59.98
02:01:53,0,Left Wrist,99,210,257,182,15.05,22.30,95.60
02:01:53,1,Right Wrist,142,151,166,187,102.15,100.10,-36.90
02:01:53,2,Left Knee,34,140,227,193,60.03,24.98,8.95
02:01:54,3,Right Knee,97,111,192,192,96.05,41.44,14.93
02:01:54,4,Head,170,202,231,212,72.40,24.35,153.09
02:01:54,5,Belly Button,97,174,214,199,53.19,59.98,-58.26
02:01:54,0,Left Wrist,100,207,253,183,19.49,22.40,96.17
02:01:54,1,Right Wrist,145,147,163,190,107.24,100.41,-35.02
02:01:54,2,Left Knee,35,143,227,195,57.45,22.95,8.56
02:01:54,3,Right Knee,95,107,199,196,96.21,36.19,12.52
02:01:54,4,Head,172,200,229,212,75.54,25.38,153.33
02:01:54,5,Belly Button,99,172,212,201,55.86,59.75,-59.54
02:01:55,0,Left Wrist,101,206,249,183,22.19,23.65,96.81
02:01:55,1,Right Wrist,147,143,161,192,111.31,99.75,-33.16
02:01:55,2,Left Knee,34,145,226,196,55.52,21.73,8.26
02:01:55,3,Right Knee,95,105,205,199,95.41,31.82,10.64
02:01:55,4,Head,172,198,228,213,77.62,24.72,152.46
02:01:55,5,Belly Button,100,170,212,202,57.98,59.48,-59.55
02:01:55,0,Left Wrist,101,204,246,183,24.76,24.29,96.25
02:01:55,1,Right Wrist,146,140,159,195,112.68,98.04,-29.48
02:01:55,2,Left Knee,36,148,225,196,52.58,21.05,8.06
02:01:55,3,Right Knee,96,103,207,203,97.08,28.72,9.70
02:01:55,4,Head,173,196,227,211,78.89,26.20,151.78
02:01:55,5,Belly Button,101,166,211,200,61.75,60.98,-55.99
02:01:56,0,Left Wrist,101,203,243,182,26.33,25.81,95.65
02:01:56,1,Right Wrist,148,138,157,196,115.56,98.49,-28.12
02:01:56,2,Left Knee,36,150,224,197,50.45,19.67,7.61
02:01:56,3,Right Knee,97,101,210,205,97.63,26.27,8.54
02:01:56,4,Head,175,194,224,210,82.01,28.39,151.68
02:01:56,5,Belly Button,102,164,210,200,63.86,61.40,-55.10
02:01:57,0,Left Wrist,100,202,242,181,26.78,26.61,94.21
02:01:57,1,Right Wrist,149,135,156,197,118.05,97.39,-26.62
02:01:57,2,Left Knee,38,152,224,198,48.39,18.33,7.19
02:01:57,3,Right Knee,96,100,213,207,97.21,23.69,7.55
02:01:57,4,Head,176,193,223,210,83.55,28.92,151.71
02:01:57,5,Belly Button,104,162,210,200,66.47,62.47,-54.77
02:01:57,0,Left Wrist,99,200,240,181,28.53,26.84,92.65
02:01:57,1,Right Wrist,150,132,154,198,120.64,96.58,-23.82
02:01:57,2,Left Knee,38,153,223,199,47.31,17.24,6.84
02:01:57,3,Right Knee,96,98,214,208,97.71,22.61,7.11
02:01:57,4,Head,177,192,222,209,84.64,30.05,151.58
02:01:57,5,Belly Button,105,160,209,200,68.56,62.85,-53.80
02:01:58,0,Left Wrist,98,199,239,181,29.20,26.89,91.39
02:01:58,1,Right Wrist,149,130,153,200,121.10,95.08,-20.77
02:01:58,2,Left Knee,39,154,223,198,46.50,17.95,7.08
02:01:58,3,Right Knee,96,96,214,209,98.56,22.02,6.97
02:01:58,4,Head,178,192,222,209,85.14,30.32,152.17
02:01:58,5,Belly Button,105,159,209,199,69.29,63.25,-52.36
02:01:59,0,Left Wrist,97,199,237,181,29.41,27.27,90.34
02:01:59,1,Right Wrist,149,128,153,201,122.15,93.72,-19.85
02:01:59,2,Left Knee,38,156,223,197,44.61,18.38,7.18
02:01:59,3,Right Knee,95,95,215,212,99.55,19.89,6.49
02:01:59,4,Head,178,191,222,209,85.72,30.04,151.67
02:01:59,5,Belly Button,105,157,209,199,70.74,62.78,-50.96
02:01:59,0,Left Wrist,97,197,235,180,31.27,28.42,89.36
02:01:59,1,Right Wrist,150,127,152,200,123.47,93.84,-18.87
02:01:59,2,Left Knee,37,158,223,198,42.56,17.10,6.77
02:01:59,3,Right Knee,95,94,213,213,101.54,20.31,6.85
02:01:59,4,Head,177,189,222,208,85.93,29.80,149.91
02:01:59,5,Belly Button,106,156,209,198,71.98,63.79,-50.11
02:02:00,0,Left Wrist,97,197,235,180,31.27,28.42,89.36
02:02:00,1,Right Wrist,151,129,151,201,123.42,95.97,-19.75
02:02:00,2,Left Knee,37,159,223,199,41.59,16.09,6.48
02:02:00,3,Right Knee,93,93,215,213,100.14,19.29,6.38
02:02:00,4,Head,177,190,222,207,84.92,30.70,150.28
02:02:00,5,Belly Button,107,157,208,200,71.90,63.70,-52.60
02:02:00,0,Left Wrist,99,197,234,180,32.33,28.93,91.09
02:02:00,1,Right Wrist,153,129,151,201,125.00,96.90,-21.81
02:02:00,2,Left Knee,37,159,223,201,41.50,14.41,6.00
02:02:01,3,Right Knee,92,93,217,215,99.98,17.25,5.74
02:02:01,4,Head,176,190,222,208,84.85,29.82,149.83
02:02:01,5,Belly Button,107,157,207,199,71.94,64.40,-51.72
02:02:01,0,Left Wrist,101,198,236,183,32.38,26.43,94.05
02:02:01,1,Right Wrist,157,130,153,203,127.54,98.57,-28.61
02:02:01,2,Left Knee,37,160,223,199,40.73,15.97,6.48
02:02:01,3,Right Knee,91,92,214,215,102.24,18.71,6.38
02:02:01,4,Head,177,189,220,208,86.83,30.89,149.73
02:02:01,5,Belly Button,107,155,208,199,73.31,63.78,-50.49
02:02:02,0,Left Wrist,102,201,238,185,30.35,24.69,96.38
02:02:02,1,Right Wrist,162,130,153,204,131.52,100.50,-32.57
02:02:02,2,Left Knee,37,161,223,200,39.87,15.04,6.28
02:02:02,3,Right Knee,91,91,212,215,103.95,19.71,6.78
02:02:02,4,Head,177,187,221,208,87.53,29.78,148.79
02:02:02,5,Belly Button,106,154,208,198,73.43,63.36,-48.52
02:02:02,0,Left Wrist,104,206,240,187,27.07,23.19,100.01
02:02:02,1,Right Wrist,165,131,151,206,133.98,103.01,-33.36
02:02:02,2,Left Knee,36,161,223,200,39.67,14.91,6.14
02:02:02,3,Right Knee,91,89,215,215,102.04,18.22,6.07
02:02:02,4,Head,177,186,220,207,88.13,30.65,148.04
02:02:02,5,Belly Button,106,153,208,200,74.17,61.97,-49.22
02:02:03,0,Left Wrist,106,210,242,187,24.27,23.38,102.82
02:02:03,1,Right Wrist,169,130,150,207,137.88,104.06,-34.64
02:02:03,2,Left Knee,36,162,222,200,38.85,14.83,6.18
02:02:03,3,Right Knee,90,87,215,215,102.19,18.21,6.04
02:02:03,4,Head,176,185,219,206,88.20,31.25,146.69
02:02:03,5,Belly Button,105,151,207,200,75.06,60.85,-46.98
02:02:04,0,Left Wrist,107,214,244,188,21.05,22.53,104.82
02:02:04,1,Right Wrist,171,131,150,207,138.95,105.40,-36.27
02:02:04,2,Left Knee,37,162,222,199,39.09,15.79,6.55
02:02:04,3,Right Knee,91,89,217,215,100.41,17.23,5.66
02:02:04,4,Head,177,185,217,206,89.57,32.59,147.07
02:02:04,5,Belly Button,106,153,206,199,74.26,62.79,-48.12
02:02:04,0,Left Wrist,108,215,244,189,20.76,21.89,106.11
02:02:04,1,Right Wrist,171,131,152,209,138.90,104.57,-38.59
02:02:04,2,Left Knee,38,162,223,200,39.35,15.15,6.57
02:02:04,3,Right Knee,91,89,218,216,100.42,16.22,5.32
02:02:04,4,Head,175,185,216,207,89.44,32.02,145.95
02:02:04,5,Belly Button,105,152,206,199,74.41,61.82,-46.81
02:02:05,0,Left Wrist,110,216,246,188,20.35,23.01,107.96
02:02:05,1,Right Wrist,171,131,151,210,139.27,104.97,-37.80
02:02:05,2,Left Knee,38,162,223,201,39.37,14.34,6.39
02:02:05,3,Right Knee,91,89,219,217,100.43,15.21,4.99
02:02:05,4,Head,175,184,216,206,89.57,32.34,145.27
02:02:05,5,Belly Button,105,151,205,198,75.14,62.21,-45.11
02:02:06,0,Left Wrist,110,217,246,189,19.62,22.17,108.33
02:02:06,1,Right Wrist,172,132,151,211,139.77,105.97,-38.99
02:02:06,2,Left Knee,38,163,222,200,38.65,15.13,6.75
02:02:06,3,Right Knee,88,89,222,218,98.36,13.19,4.30
02:02:06,4,Head,175,185,215,206,89.46,33.16,145.69
02:02:06,5,Belly Button,105,151,205,198,75.14,62.21,-45.11
02:02:06,0,Left Wrist,108,219,248,189,16.48,21.47,106.88
02:02:06,1,Right Wrist,170,133,151,212,137.82,106.04,-38.34
02:02:06,2,Left Knee,38,160,220,199,40.92,16.10,6.61
02:02:06,3,Right Knee,86,89,223,217,96.36,13.21,4.27
02:02:06,4,Head,175,188,215,207,88.25,33.40,147.41
02:02:06,5,Belly Button,104,152,204,197,73.94,62.46,-44.34
02:02:07,0,Left Wrist,109,223,252,192,12.90,18.67,108.92
02:02:07,1,Right Wrist,169,134,151,207,135.89,106.44,-37.43
02:02:07,2,Left Knee,36,156,221,197,44.49,18.31,7.12
02:02:07,3,Right Knee,81,93,221,213,93.85,16.24,5.33
02:02:07,4,Head,175,191,217,207,85.67,33.15,149.15
02:02:07,5,Belly Button,101,155,204,195,70.21,62.25,-43.39
02:02:08,0,Left Wrist,111,221,254,197,15.85,14.41,111.22
02:02:08,1,Right Wrist,165,137,150,198,130.21,107.60,-33.41
02:02:08,2,Left Knee,36,152,225,198,48.30,18.27,7.13
02:02:08,3,Right Knee,77,98,223,210,88.67,16.91,5.51
02:02:08,4,Head,173,195,220,208,81.47,31.51,150.37
02:02:08,5,Belly Button,104,159,207,196,68.82,64.51,-49.31
02:02:08,0,Left Wrist,114,218,256,205,20.57,7.65,114.22
02:02:08,1,Right Wrist,162,142,153,188,122.87,109.11,-33.41
02:02:08,2,Left Knee,37,148,232,202,51.72,15.49,6.26
02:02:08,3,Right Knee,75,100,229,208,81.36,15.37,4.75
02:02:08,4,Head,172,196,222,212,81.16,28.00,150.99
02:02:08,5,Belly Button,104,163,210,199,65.73,63.30,-54.71
02:02:09,0,Left Wrist,116,218,261,213,21.56,0.21,116.33
02:02:09,1,Right Wrist,159,145,155,182,117.49,109.59,-32.25
02:02:09,2,Left Knee,40,143,240,204,55.23,13.56,5.26
02:02:09,3,Right Knee,73,102,233,207,77.17,14.25,4.13
02:02:09,4,Head,170,196,224,213,79.63,25.76,150.02
02:02:09,5,Belly Button,105,164,218,202,65.19,61.66,-58.85
02:02:09,0,Left Wrist,118,218,265,219,22.57,-5.34,118.05
02:02:09,1,Right Wrist,157,148,156,178,113.59,110.62,-31.45
02:02:10,2,Left Knee,42,140,246,208,55.92,9.13,3.42
02:02:10,3,Right Knee,73,105,235,206,75.60,13.99,3.72
02:02:10,4,Head,168,196,225,215,78.91,23.43,149.07
02:02:10,5,Belly Button,103,166,222,205,62.45,58.35,-61.36
02:02:10,0,Left Wrist,120,220,268,221,21.53,-7.06,120.18
02:02:10,1,Right Wrist,154,150,157,175,109.91,110.39,-30.02
02:02:10,2,Left Knee,44,137,244,210,59.43,8.51,3.37
02:02:10,3,Right Knee,71,107,236,205,73.50,14.18,3.77
02:02:10,4,Head,166,197,226,216,77.14,21.95,148.44
02:02:10,5,Belly Button,104,168,227,207,61.22,57.60,-64.85
02:02:11,0,Left Wrist,121,227,268,224,15.46,-9.55,122.11
02:02:11,1,Right Wrist,153,150,157,175,109.40,109.87,-29.47
02:02:11,2,Left Knee,45,134,245,211,60.95,7.50,2.83
02:02:11,3,Right Knee,76,104,235,206,77.61,13.89,3.31
02:02:11,4,Head,166,197,225,219,78.50,20.51,148.72
02:02:11,5,Belly Button,104,166,239,208,61.15,53.83,-67.01
02:02:11,0,Left Wrist,120,224,267,223,17.95,-8.75,120.79
02:02:11,1,Right Wrist,156,146,153,179,115.14,109.59,-27.89
02:02:11,2,Left Knee,47,134,244,212,62.01,7.24,2.92
02:02:11,3,Right Knee,79,99,234,209,81.20,12.60,3.01
02:02:11,4,Head,166,195,224,221,80.76,19.28,147.91
02:02:11,5,Belly Button,104,162,236,210,64.72,52.11,-65.30
02:02:12,0,Left Wrist,117,219,261,222,21.57,-8.08,117.19
02:02:12,1,Right Wrist,160,144,150,183,120.31,110.75,-28.42
02:02:12,2,Left Knee,48,134,241,211,63.04,8.91,3.67
02:02:12,3,Right Knee,82,96,233,209,83.66,12.95,2.90
02:02:12,4,Head,166,191,221,223,84.95,18.70,145.96
02:02:12,5,Belly Button,104,158,231,210,68.18,52.04,-62.05
02:02:13,0,Left Wrist,116,214,253,214,26.30,0.20,115.53
02:02:13,1,Right Wrist,159,141,151,184,120.93,108.03,-27.69
02:02:13,2,Left Knee,46,136,236,208,62.46,12.28,5.10
02:02:13,3,Right Knee,84,95,232,211,86.06,12.30,2.83
02:02:13,4,Head,171,190,221,221,88.10,21.20,148.38
02:02:13,5,Belly Button,106,156,227,209,70.94,54.16,-60.79
02:02:13,0,Left Wrist,113,213,249,209,25.70,4.42,112.48
02:02:13,1,Right Wrist,160,138,150,187,123.88,106.64,-27.11
02:02:13,2,Left Knee,45,140,231,205,59.53,14.84,6.18
02:02:13,3,Right Knee,86,93,231,214,88.92,11.14,2.72
02:02:13,4,Head,172,190,221,219,87.93,22.68,148.77
02:02:13,5,Belly Button,107,155,223,208,72.51,55.98,-59.34
02:02:14,0,Left Wrist,111,210,247,205,27.47,7.92,109.75
02:02:14,1,Right Wrist,162,140,151,191,125.08,108.29,-31.81
02:02:14,2,Left Knee,45,144,229,203,55.94,15.83,6.53
02:02:14,3,Right Knee,89,91,230,216,92.07,10.52,2.55
02:02:14,4,Head,175,189,221,218,89.72,23.82,149.93
02:02:14,5,Belly Button,106,154,219,207,72.98,56.45,-56.63
02:02:15,0,Left Wrist,108,209,244,200,26.85,12.05,106.37
02:02:15,1,Right Wrist,164,141,152,200,127.60,109.14,-36.86
02:02:15,2,Left Knee,44,147,227,204,53.00,14.36,6.11
02:02:15,3,Right Knee,90,90,229,218,94.03,9.92,2.60
02:02:15,4,Head,176,188,222,217,89.93,23.85,149.94
02:02:15,5,Belly Button,107,151,218,206,75.55,56.86,-54.66
02:02:15,0,Left Wrist,107,206,242,197,29.11,14.84,104.34
02:02:15,1,Right Wrist,167,148,162,206,125.15,110.34,-51.48
02:02:15,2,Left Knee,44,148,225,203,52.15,15.05,6.34
02:02:15,3,Right Knee,91,89,229,219,95.11,9.40,2.43
02:02:15,4,Head,177,188,221,217,90.90,24.67,150.46
02:02:15,5,Belly Button,106,151,214,205,75.31,57.60,-52.42
02:02:16,0,Left Wrist,105,206,239,195,28.29,16.43,102.25
02:02:16,1,Right Wrist,169,157,174,206,119.10,111.14,-64.91
02:02:16,2,Left Knee,43,150,223,201,50.36,16.34,6.71
02:02:16,3,Right Knee,91,88,228,221,96.88,8.79,2.52
02:02:16,5,Belly Button,107,150,213,204,76.54,58.68,-51.53
02:02:16,0,Left Wrist,103,205,239,193,28.08,17.81,99.90
02:02:17,1,Right Wrist,170,162,184,208,114.86,109.67,-74.22
02:02:17,2,Left Knee,43,150,221,200,50.46,17.24,6.99
02:02:17,3,Right Knee,92,87,228,221,97.32,8.81,2.45
02:02:17,5,Belly Button,107,148,211,204,78.02,58.41,-49.67
02:02:17,0,Left Wrist,99,204,237,190,27.05,19.83,95.50
02:02:17,1,Right Wrist,170,171,192,209,107.80,110.97,-82.21
02:02:17,2,Left Knee,42,152,219,198,48.68,18.55,7.37
02:02:17,3,Right Knee,91,87,228,222,97.61,8.26,2.42
02:02:17,5,Belly Button,107,149,210,204,77.43,58.93,-50.10
02:02:18,0,Left Wrist,99,203,235,189,28.09,20.95,94.99
02:02:18,1,Right Wrist,171,177,198,211,103.69,111.55,-88.41
02:02:18,2,Left Knee,42,154,218,198,46.83,18.18,7.28
02:02:18,3,Right Knee,91,86,228,221,96.96,8.79,2.51
02:02:18,5,Belly Button,106,149,209,203,76.92,58.98,-48.61
02:02:18,0,Left Wrist,99,203,235,189,28.09,20.95,94.99
02:02:18,1,Right Wrist,173,186,205,214,98.13,113.28,-96.47
02:02:18,2,Left Knee,41,155,217,198,45.80,17.93,7.18
02:02:18,3,Right Knee,92,86,228,221,97.35,8.81,2.45
02:02:18,5,Belly Button,107,149,208,202,77.49,60.37,-48.32
02:02:19,0,Left Wrist,100,203,235,188,28.56,22.09,95.67
02:02:19,1,Right Wrist,180,184,203,217,105.78,116.27,-97.99
02:02:19,2,Left Knee,41,155,218,198,45.79,17.93,7.18
02:02:19,3,Right Knee,93,86,230,221,96.84,7.89,1.83
02:02:19,5,Belly Button,107,149,207,201,77.53,61.07,-47.40
02:02:20,0,Left Wrist,100,203,236,189,28.49,21.10,95.90
02:02:20,1,Right Wrist,179,172,199,219,113.95,110.26,-92.72
02:02:20,2,Left Knee,41,0,217,197,43.24,18.38,7.42
02:02:20,3,Right Knee,93,86,230,221,96.84,7.89,1.82
02:02:20,5,Belly Button,108,150,207,201,77.40,62.06,-48.71
02:02:20,0,Left Wrist,100,204,238,189,27.38,20.87,96.23
02:02:20,1,Right Wrist,177,162,193,221,120.48,105.77,-86.16
02:02:20,2,Left Knee,41,156,216,197,44.98,18.64,7.41
02:02:20,3,Right Knee,93,85,229,220,96.81,8.88,2.16
02:02:20,5,Belly Button,108,150,205,200,77.50,62.92,-47.54
02:02:21,0,Left Wrist,101,196,230,192,35.78,19.60,94.96
02:02:21,1,Right Wrist,165,160,192,213,111.52,101.35,-78.24
02:02:21,2,Left Knee,40,154,217,194,47.08,21.61,8.25
02:02:21,3,Right Knee,90,84,229,220,95.33,8.84,2.42
02:02:21,5,Belly Button,106,150,208,200,76.22,61.08,-47.09
02:02:22,0,Left Wrist,94,191,230,194,36.66,16.63,87.35
02:02:22,1,Right Wrist,151,151,193,215,106.81,88.41,-70.55
02:02:22,2,Left Knee,38,152,218,192,49.30,23.87,8.96
02:02:22,3,Right Knee,90,85,230,219,94.19,8.91,2.25
02:02:22,5,Belly Button,104,151,208,201,74.49,59.46,-47.30
02:02:22,0,Left Wrist,89,188,225,191,37.08,19.05,81.01
02:02:22,1,Right Wrist,140,149,191,203,99.49,85.63,-59.08
02:02:22,2,Left Knee,37,149,219,190,52.71,26.53,9.82
02:02:22,3,Right Knee,88,88,224,215,94.35,13.82,4.26
02:02:22,5,Belly Button,100,154,205,199,70.35,58.86,-45.36
02:02:23,0,Left Wrist,85,186,221,185,37.12,24.45,74.85
02:02:23,1,Right Wrist,128,144,195,197,93.64,77.08,-49.49
02:02:23,2,Left Knee,35,151,224,189,50.60,26.71,9.78
02:02:23,3,Right Knee,86,92,221,210,92.09,17.89,5.64
02:02:23,5,Belly Button,99,155,206,199,69.07,58.30,-45.70
02:02:24,0,Left Wrist,79,187,221,183,33.67,25.32,69.07
02:02:24,1,Right Wrist,122,138,197,194,92.78,71.19,-41.79
02:02:24,2,Left Knee,31,151,226,187,50.67,28.34,10.18
02:02:24,3,Right Knee,83,95,215,204,91.46,23.91,7.77
02:02:24,5,Belly Button,97,153,208,201,69.41,55.04,-44.64
02:02:24,0,Left Wrist,74,186,220,180,32.54,27.86,62.53
02:02:24,1,Right Wrist,116,150,197,191,82.26,73.96,-43.46
02:02:24,2,Left Knee,29,151,226,185,50.86,30.06,10.65
02:02:24,3,Right Knee,82,97,212,200,90.51,27.48,8.95
02:02:24,5,Belly Button,98,151,213,203,71.15,53.52,-45.87
02:02:25,0,Left Wrist,68,179,219,180,36.18,28.87,52.08
02:02:25,1,Right Wrist,112,143,197,188,84.01,69.61,-34.24
02:02:25,2,Left Knee,26,150,227,183,51.51,31.58,10.90
02:02:25,3,Right Knee,79,99,208,197,91.24,30.99,10.17
02:02:25,5,Belly Button,98,151,214,203,71.10,53.39,-46.05
02:02:25,0,Left Wrist,63,180,217,178,33.65,30.76,45.75
02:02:25,1,Right Wrist,104,142,197,187,80.50,64.30,-26.08
02:02:26,2,Left Knee,24,150,230,181,50.01,32.01,10.64
02:02:26,3,Right Knee,79,101,206,195,91.20,33.03,10.86
02:02:26,5,Belly Button,100,151,214,209,72.19,51.01,-51.33
02:02:26,0,Left Wrist,62,191,215,176,23.91,30.59,50.28
02:02:26,1,Right Wrist,98,134,197,185,81.99,56.03,-8.80
02:02:26,2,Left Knee,24,149,232,181,49.39,31.18,10.17
02:02:26,3,Right Knee,79,104,202,192,91.93,36.60,12.10
02:02:26,5,Belly Button,104,148,214,212,76.42,51.14,-53.40
02:02:27,0,Left Wrist,60,198,218,175,16.92,30.55,50.57
02:02:27,1,Right Wrist,95,132,198,186,81.74,51.20,-1.01
02:02:27,2,Left Knee,22,149,233,180,48.36,31.34,10.11
02:02:27,3,Right Knee,78,106,200,190,91.77,38.66,12.81
02:02:27,5,Belly Button,101,146,216,208,76.01,50.58,-48.01
02:02:27,0,Left Wrist,60,194,218,175,20.55,31.13,48.86
02:02:27,1,Right Wrist,95,137,197,187,79.20,55.00,-9.96
02:02:27,2,Left Knee,20,150,234,178,46.48,32.10,10.25
02:02:27,3,Right Knee,79,107,198,190,93.11,39.66,13.24
02:02:27,5,Belly Button,103,142,214,214,79.92,47.48,-49.42
02:02:28,0,Left Wrist,57,198,219,174,15.97,31.71,46.36
02:02:28,1,Right Wrist,92,150,197,186,69.47,59.42,-22.47
02:02:28,2,Left Knee,19,150,235,179,46.16,31.14,9.95
02:02:28,3,Right Knee,78,108,197,189,92.95,40.69,13.61
02:02:28,5,Belly Button,101,143,220,211,77.79,46.90,-48.60
02:02:29,0,Left Wrist,56,205,218,173,9.16,32.03,46.68
02:02:29,1,Right Wrist,89,142,197,184,73.45,53.24,-1.86
02:02:29,2,Left Knee,17,153,240,179,41.45,29.32,9.26
02:02:29,3,Right Knee,71,121,203,183,81.20,41.28,13.78
02:02:29,5,Belly Button,97,158,225,206,65.12,51.31,-54.01
02:02:29,0,Left Wrist,56,209,219,172,5.36,32.77,46.76
02:02:29,1,Right Wrist,88,151,197,185,66.91,57.20,-18.67
02:02:29,2,Left Knee,22,166,254,180,27.92,24.08,7.45
02:02:29,3,Right Knee,66,138,222,179,61.11,36.08,11.44
02:02:29,5,Belly Button,94,179,232,204,47.06,54.49,-63.31
02:02:30,0,Left Wrist,56,212,219,170,2.51,34.70,45.60
02:02:30,1,Right Wrist,87,143,197,185,71.28,37.07,39.47
02:02:30,2,Left Knee,30,182,260,181,18.13,25.56,7.77
02:02:30,3,Right Knee,63,162,233,174,43.91,44.78,-4.53
02:02:30,5,Belly Button,84,193,245,203,29.83,49.87,-62.76
02:02:31,0,Left Wrist,56,205,218,169,9.27,36.22,43.54
02:02:31,1,Right Wrist,88,135,198,185,76.58,40.34,26.85
02:02:31,2,Left Knee,43,196,264,178,8.47,39.49,-14.71
02:02:31,3,Right Knee,58,168,243,172,35.67,44.29,-8.26
02:02:31,5,Belly Button,78,204,254,199,16.78,49.68,-59.55
